Gary,8
Anna,8
Anna,3
Sydney Children Hospital,9
Sydney Children Hospital,9
Sydney Children Hospital,10
Sydney Children Hospital,1
Sydney Children Hospital,8
Sydney Children Hospital,7
Sydney Children Hospital,10
Sydney Children Hospital,10
Sydney Children Hospital,1
Sydney Children Hospital,6
Sydney Children Hospital,6
Sydney Children Hospital,6
Sydney Children Hospital,6
Sydney Children Hospital,6
Sydney Children Hospital,6
Sydney Children Hospital,10
Sydney Children Hospital,10
Anna,5
Anna,10
Anna,4
Anna,7
Sydney Children Hospital,1
Sydney Children Hospital,8
Anna,1
Anna,1
Anna,4
Anna,4
Anna,1
Sydney Children Hospital,9
Sydney Children Hospital,9
